Bank,C1_interest rate,C2_term,C3_monthly payment,C4_overpayment,C5_down payment,C6_approval speed,C7_prepayment penalty,C8_insurance (0/1),C9_bank rating,C10_commission fee,Norm_WSM,Rank_WSM,Norm_WPM,Rank_WPM,TOPSIS_C*,Rank_TOPSIS,Borda,Rank_Borda
ПриватБанк,13.0,60.0,21932.0,355907.0,20.0,2.0,2.0,1.0,9.0,80.0,0.6586863117896841,2,0.35410482729593823,2,0.6534615830563432,1,19.0,1
Ощадбанк,15.5,84.0,18790.0,632742.0,20.0,24.0,0.0,1.0,10.0,50.0,0.48212422431825636,6,0.0018512998629443985,7,0.41848394602511196,8,3.0,7
Ukrsibbank,16.8,72.0,20100.0,487200.0,15.0,4.0,3.0,1.0,8.0,120.0,0.43258398388423314,7,0.0719869101452173,6,0.5216600524077243,7,4.0,6
Raiffeisen,14.5,60.0,22300.0,378000.0,25.0,1.0,1.0,0.0,9.0,90.0,0.6029037392475473,3,0.12231983233221702,5,0.6336389907591281,3,13.0,4
monobank,17.9,48.0,28500.0,408000.0,10.0,0.0,0.0,0.0,7.0,0.0,0.40938772450195093,8,1.2670835279493767e-05,8,0.5796002566516265,6,2.0,8
ПУМБ,15.0,60.0,22650.0,399000.0,20.0,3.0,2.0,1.0,8.0,70.0,0.5087026289785682,5,0.2781660674099281,3,0.602374672576353,4,12.0,5
Укргазбанк,12.5,96.0,13800.0,364800.0,20.0,48.0,1.0,1.0,8.0,60.0,0.7370607364407391,1,0.23346885059343978,4,0.602353009273635,5,14.0,3
OTP Bank,14.9,72.0,19200.0,422400.0,15.0,6.0,1.0,0.0,8.0,100.0,0.592459669152764,4,0.5533501864920634,1,0.6474041347885451,2,17.0,2
